score,input size,layer size,out size,x
35,12,12,4,"[[ 39.54506268]
 [ 33.52360247]
 [  7.36044139]
 [ 12.93646219]
 [ -5.57149833]
 [  9.34257878]
 [ 10.83069747]
 [ 14.22742012]
 [ 37.44689808]
 [ -0.28443865]
 [  6.02487082]
 [  1.20513114]
 [-16.09479996]
 [  1.455452  ]
 [ -0.17747893]
 [ 49.47602191]
 [ -8.32331395]
 [-29.15646453]
 [  9.74009803]
 [-17.15469354]
 [ 30.96018772]
 [-27.62280755]
 [ -5.19446375]
 [  8.32758741]
 [ -0.06556617]
 [ -2.74828696]
 [-36.56877492]
 [ 22.33490865]
 [ -1.1989851 ]
 [ -5.34420543]
 [ -7.0570919 ]
 [  3.45444097]
 [-30.09161398]
 [ -4.89388044]
 [  2.67062484]
 [  5.04994745]
 [-13.67243186]
 [ 11.38677866]
 [ 25.55472953]
 [-22.97651264]
 [ -3.94355586]
 [  0.40142643]
 [ 11.90695158]
 [ -7.04467426]
 [ 15.80546414]
 [ -5.17760132]
 [-45.93922354]
 [ -0.75732597]
 [  1.76792736]
 [-15.77408075]
 [  5.52939168]
 [ 11.05505112]
 [ 15.52232738]
 [ -1.31396506]
 [ 22.9106719 ]
 [  1.65124625]
 [ -0.1752407 ]
 [-58.05062496]
 [-11.13627616]
 [ 10.51927801]
 [ 14.76141789]
 [-30.05553877]
 [ -5.42221367]
 [ 17.27512091]
 [-32.4128327 ]
 [ -0.14023056]
 [-17.7162878 ]
 [ -0.30989675]
 [ 34.26391586]
 [-20.21301516]
 [-16.99352577]
 [ -2.56400011]
 [ 17.83955167]
 [  0.99516749]
 [-44.66727547]
 [ 19.26275273]
 [  5.02703421]
 [ -1.08153703]
 [ -3.48004992]
 [ 28.63278903]
 [ -4.74977353]
 [ -2.37657336]
 [ -1.9212453 ]
 [-29.21866647]
 [-44.02020961]
 [ 13.8030162 ]
 [-14.56975306]
 [-15.34008296]
 [ 25.48559113]
 [  1.43199752]
 [-18.75744572]
 [-21.58593694]
 [-11.16763448]
 [ 13.31000469]
 [ -4.20878348]
 [ -6.3771037 ]
 [-29.96883518]
 [ -0.75781483]
 [ 16.21351149]
 [-35.68237674]
 [ 14.41650203]
 [-12.95516375]
 [ 21.06224696]
 [ -5.33546678]
 [-27.86166058]
 [  0.11132202]
 [ 11.80793087]
 [  5.16668692]
 [ -0.32468344]
 [ 23.76172586]
 [-52.29400577]
 [-15.24512607]
 [  9.58558745]
 [  6.55804161]
 [-24.91875414]
 [ -8.32481764]
 [  3.6477264 ]
 [  9.15197014]
 [  3.90069048]
 [-32.54756578]
 [ 31.44644407]
 [-15.26059038]
 [-10.76201444]
 [ -9.31081347]
 [-29.77729707]
 [ 16.5496789 ]
 [-40.28004468]
 [ -1.96296615]
 [-46.6232414 ]
 [ 20.3885095 ]
 [-25.64709437]
 [ 10.19730016]
 [  0.25215325]
 [ -2.56580245]
 [-17.47110301]
 [-13.83372548]
 [-27.39167113]
 [-18.91758166]
 [-34.20919461]
 [-19.54196859]
 [ 32.26714721]
 [  5.37543643]
 [ 13.60688127]
 [ -5.1733905 ]
 [-13.80203952]
 [  1.74241373]
 [ -1.49038726]
 [ 32.3189117 ]
 [-12.46487857]
 [  2.20800585]
 [ 17.51654264]
 [-22.57126056]
 [ 13.07179796]
 [ -1.49714134]
 [  0.13615697]
 [  1.1467108 ]
 [ 23.06995216]
 [ 13.35393591]
 [ -8.16730255]
 [-24.8338435 ]
 [  0.14526418]
 [  6.65086369]
 [ 23.58944763]
 [ 19.37555529]
 [ -3.41172371]
 [ 23.53677206]
 [  1.03861384]
 [  6.91835811]
 [-22.85327051]
 [ 18.28593353]
 [-26.35588769]
 [ 20.54698618]
 [ 14.76078773]
 [ 10.14725636]
 [  1.42107687]
 [-22.23627935]
 [-20.98748356]
 [  1.92615299]
 [-18.88022855]
 [ 38.30764865]
 [  0.46292309]
 [ 16.91318318]
 [ 12.47810832]
 [ -1.63079746]
 [  5.67272724]
 [ 26.855824  ]
 [ 17.91812797]
 [ -1.7926118 ]
 [ 18.50971458]
 [-27.70290119]
 [-14.53245888]
 [ 13.2246436 ]
 [ -7.77202568]
 [ 16.11475897]
 [ -4.88829389]
 [ -6.09904976]
 [-19.78593876]
 [ -4.85951628]
 [ 20.75363903]
 [  7.03392127]
 [-15.26205727]
 [-10.16744128]
 [-14.96551772]
 [ 21.46599863]
 [-15.53442402]
 [ -3.18605109]
 [-14.74273162]
 [ 26.59145436]]"
3,12,10,4,"[[ 9.02981044e-02]
 [-3.51345597e-01]
 [ 8.10402614e-01]
 [ 1.76026717e-01]
 [-1.85326412e+00]
 [-7.33573936e-01]
 [ 1.78276317e-01]
 [ 3.65325873e-01]
 [-4.74552543e-01]
 [-7.72834311e-01]
 [-4.00921131e-01]
 [-1.08792070e+00]
 [ 2.09946452e-01]
 [-8.10014032e-01]
 [-1.66473977e-02]
 [ 5.78249742e-01]
 [ 1.11896272e+00]
 [-1.34230458e+00]
 [ 1.43527930e+00]
 [ 7.49476062e-01]
 [-1.03457993e+00]
 [ 1.14353769e+00]
 [ 6.03212850e-01]
 [-3.42595496e-01]
 [-2.89326638e-01]
 [-8.32077494e-01]
 [-4.80262727e-01]
 [ 1.95013996e-01]
 [-1.69674199e-01]
 [ 6.08096425e-01]
 [ 7.12392150e-01]
 [ 7.77902577e-01]
 [ 6.02000518e-01]
 [-9.82195855e-01]
 [-7.02322490e-01]
 [ 1.17588892e+00]
 [ 4.12363333e-01]
 [-4.49319978e-01]
 [ 1.91070575e-01]
 [ 5.04688449e-01]
 [-7.14754492e-01]
 [-5.04271803e-01]
 [ 1.45034659e-01]
 [-5.08545930e-01]
 [ 3.62438906e-01]
 [ 6.06341868e-01]
 [ 1.18954713e+00]
 [-4.47027374e-01]
 [-8.75861584e-01]
 [-5.95922988e-02]
 [ 2.97575644e-01]
 [-1.28782715e+00]
 [-4.91839028e-01]
 [-7.26932600e-01]
 [-3.01655181e-01]
 [ 4.23241259e-01]
 [-6.82319851e-01]
 [-6.06668760e-01]
 [-1.14238006e+00]
 [ 9.45272138e-01]
 [ 1.25032640e+00]
 [-6.44141274e-01]
 [-4.36932982e-01]
 [-7.25642196e-02]
 [-1.67849129e-01]
 [ 6.82800313e-01]
 [-1.52243556e+00]
 [-2.67896034e-01]
 [ 1.30477953e+00]
 [ 4.54434561e-01]
 [-3.38790212e-01]
 [ 5.12061600e-01]
 [ 1.27778173e+00]
 [-9.00229280e-01]
 [-1.64439952e-01]
 [ 8.45161899e-01]
 [-4.54133563e-01]
 [-7.23215723e-01]
 [-2.73281304e-01]
 [-8.12212137e-02]
 [-6.62480931e-01]
 [ 7.40700026e-01]
 [-3.87014791e-01]
 [ 9.17428082e-01]
 [ 2.05431430e+00]
 [-1.18484167e+00]
 [ 7.59600349e-01]
 [ 4.35523099e-01]
 [ 2.38555074e-01]
 [-3.63902776e-01]
 [ 4.53777637e-01]
 [-3.29720832e-01]
 [ 3.39300404e-02]
 [ 4.94346924e-01]
 [ 9.21620898e-02]
 [-1.95422328e-01]
 [ 2.07963636e-01]
 [-1.04342785e+00]
 [ 2.71693781e-01]
 [-1.30007050e+00]
 [-1.45449296e-01]
 [-3.12175133e-01]
 [ 2.79397226e-01]
 [-5.27695413e-01]
 [ 3.85321491e-01]
 [-1.27036139e+00]
 [-6.04737064e-01]
 [-8.75048711e-01]
 [ 1.45735227e+00]
 [ 1.85530352e+00]
 [ 5.40105012e-01]
 [-3.68404695e-01]
 [-2.86410303e-01]
 [-8.88021367e-01]
 [ 6.51318712e-01]
 [-4.21887155e-01]
 [ 8.96230509e-01]
 [ 1.14203507e+00]
 [ 1.14941729e-03]
 [-1.34527428e+00]
 [ 5.68024926e-01]
 [ 2.52197416e-01]
 [-1.13035630e+00]
 [-2.96952064e-02]
 [ 8.61923351e-01]
 [-1.19463216e-01]
 [ 1.08503356e-01]
 [ 4.73068764e-01]
 [-9.32268057e-01]
 [ 1.71406108e+00]
 [-8.15553277e-01]
 [-5.62645735e-01]
 [-6.03381423e-01]
 [ 1.35002850e-01]
 [ 4.31846244e-01]
 [ 2.22041798e-02]
 [-4.85781323e-01]
 [-4.23531668e-01]
 [ 6.72924928e-02]
 [ 1.81512765e+00]
 [-9.09937380e-01]
 [ 1.16848028e+00]
 [ 7.95722214e-01]
 [ 1.81362378e-01]
 [ 1.80264842e+00]
 [ 6.59902135e-01]
 [-3.74814195e-01]
 [ 9.04934215e-01]
 [-5.37412745e-01]
 [-6.35531421e-01]
 [ 1.67314147e+00]
 [-1.35635169e+00]
 [-2.15377099e+00]
 [ 3.71839168e-01]
 [-3.07533069e-01]
 [-9.69600832e-01]
 [ 3.72887180e-01]
 [-1.51323032e-01]
 [ 8.32593187e-01]
 [-5.78176497e-01]
 [ 4.05807452e-01]
 [-1.92462182e-01]
 [-9.12087303e-01]
 [ 6.94304186e-02]
 [ 1.80123595e+00]
 [-3.67864437e-01]
 [-1.85962074e+00]
 [-1.26321510e+00]
 [ 1.24425837e+00]
 [ 9.21843021e-01]
 [ 7.55475032e-01]
 [-4.00299691e-01]
 [ 3.12533187e-01]
 [-5.60818610e-01]]"
3,12,10,4,"[[-0.48810642]
 [ 1.24853816]
 [ 0.79389252]
 [ 1.13672758]
 [-1.31820531]
 [ 0.49560238]
 [-0.85013861]
 [-1.65869562]
 [-0.72879817]
 [ 0.21902016]
 [-0.03683013]
 [ 2.01840798]
 [ 1.47151843]
 [ 0.24825819]
 [-0.8916152 ]
 [-1.06363668]
 [-1.14724921]
 [-0.78332792]
 [ 0.90292359]
 [ 0.51392781]
 [-1.25302105]
 [-0.55697584]
 [-1.09494152]
 [ 0.21642331]
 [-0.92693999]
 [-1.24085699]
 [-0.30422752]
 [ 0.40390128]
 [ 0.724811  ]
 [ 0.3092993 ]
 [-1.66240569]
 [-1.11227659]
 [ 1.30467514]
 [ 0.19052698]
 [ 0.60502477]
 [ 0.24674962]
 [ 0.16626081]
 [-0.56529026]
 [-0.6915779 ]
 [-0.4853615 ]
 [ 0.64394613]
 [ 0.51823691]
 [-2.52163004]
 [ 0.08016582]
 [-0.03560335]
 [ 0.7772997 ]
 [-0.819911  ]
 [ 0.06754731]
 [ 0.67527574]
 [ 1.38696084]
 [-1.20855936]
 [ 0.57544616]
 [-1.0472011 ]
 [-0.61111905]
 [-0.01108228]
 [ 0.04270783]
 [ 1.03490813]
 [ 1.28843244]
 [-0.7430497 ]
 [-0.75770928]
 [-0.47743043]
 [ 0.39192091]
 [-1.47345774]
 [ 0.09252004]
 [-0.45141316]
 [-0.73611086]
 [-0.66808839]
 [-0.7597166 ]
 [-0.79171232]
 [-0.73011014]
 [-0.07452723]
 [ 2.38611455]
 [-0.62123191]
 [ 1.18724923]
 [ 0.26127806]
 [ 1.09399568]
 [-0.37530216]
 [ 0.86726526]
 [ 1.33941198]
 [ 0.70015839]
 [ 1.01196323]
 [ 0.43511916]
 [-1.4052874 ]
 [ 0.0833963 ]
 [-0.82476597]
 [-0.21603684]
 [-0.09116255]
 [ 2.51750145]
 [ 0.43518668]
 [ 0.42837701]
 [ 0.54783309]
 [-0.20838026]
 [-2.32209168]
 [-0.97896616]
 [ 1.0766763 ]
 [-0.45405938]
 [-2.57077537]
 [-0.84622451]
 [-1.0853876 ]
 [-0.30037469]
 [-0.93786789]
 [-0.51551778]
 [ 1.97352852]
 [ 2.0475761 ]
 [-0.81556098]
 [-0.29496711]
 [ 0.5392055 ]
 [-0.11838444]
 [ 0.06366117]
 [-0.00750841]
 [ 1.21688416]
 [-0.09019096]
 [ 1.4721246 ]
 [ 1.04360815]
 [-0.65314182]
 [ 0.94137727]
 [ 0.58908221]
 [ 1.42257475]
 [-0.56416743]
 [ 0.19671242]
 [-0.7648485 ]
 [ 0.43597081]
 [ 0.40800229]
 [ 0.73277763]
 [ 0.09590947]
 [-0.15506536]
 [-0.36610961]
 [-0.80072131]
 [ 0.43873109]
 [-0.77774607]
 [-0.87594015]
 [ 1.10974199]
 [-0.02371668]
 [ 0.12462707]
 [ 0.32970873]
 [ 1.09011944]
 [-0.54114204]
 [ 0.07877029]
 [ 0.63938473]
 [ 1.42759564]
 [ 1.81073099]
 [ 0.39840434]
 [-0.871322  ]
 [-0.17240253]
 [ 0.22439064]
 [-0.33142359]
 [-0.00997333]
 [ 0.35721148]
 [-0.37592919]
 [-0.21558884]
 [-1.53914145]
 [-0.0299868 ]
 [-0.29766153]
 [ 0.13979366]
 [ 0.42159672]
 [-0.30622161]
 [ 0.1190651 ]
 [-0.42219982]
 [-1.80356164]
 [-0.63920356]
 [-0.98877704]
 [-1.36191253]
 [ 1.27859569]
 [-0.62817492]
 [-0.1879962 ]
 [ 0.56025336]
 [ 1.30060226]
 [ 0.11837267]
 [ 0.88554906]
 [-0.69160702]
 [ 0.08478473]
 [-0.65685561]
 [ 0.01893618]
 [ 0.69244798]]"
"[[-0.72721045]
 [-1.0856695 ]
 [-0.75258411]
 [-0.84686222]
 [-0.35495267]
 [-0.86727992]
 [ 0.63938305]
 [-0.68978614]
 [-0.94289789]
 [-0.13364535]
 [-0.44516829]
 [-0.16829567]
 [ 0.61983442]
 [-0.89960027]
 [-0.33199517]
 [ 0.55055777]
 [ 0.09060816]
 [ 0.25215873]
 [-0.94794223]
 [-0.11777232]
 [ 0.53025327]
 [-0.7513282 ]
 [-0.56888719]
 [-0.04620271]
 [-0.24895205]
 [ 0.16050013]
 [-0.92885878]
 [ 0.99085865]
 [-0.88518465]
 [-0.46417859]
 [-0.2944922 ]
 [ 0.66853216]
 [-0.18159616]
 [-0.30201155]
 [ 0.48144765]
 [ 0.0729227 ]
 [-1.11849282]
 [-0.06088732]
 [ 0.20602157]
 [ 0.30050133]
 [-0.44495618]
 [-1.07032943]
 [ 0.27119543]
 [-0.45701132]
 [-0.39885445]
 [-0.34064008]
 [-0.0039718 ]
 [-0.63386041]
 [-0.5378883 ]
 [-0.10541585]
 [-1.12696713]
 [-0.45181106]
 [-0.69571326]
 [-0.22289853]
 [ 0.40004942]
 [-0.7295394 ]
 [ 0.45162936]
 [-0.64814064]
 [-0.39477547]
 [ 0.63999742]
 [-0.32440839]
 [ 0.30697307]
 [ 0.6485257 ]
 [ 0.22030067]
 [ 0.52503696]
 [-0.88929088]
 [-0.77676148]
 [-0.98134309]
 [-0.84157263]
 [ 0.64516896]
 [ 0.22977349]
 [-0.82706995]
 [ 0.39363058]
 [ 0.46297229]
 [-0.91874981]
 [-0.92575498]
 [-0.14874127]
 [-0.40606913]
 [ 0.9127502 ]
 [-0.22121254]
 [-0.39654655]
 [-0.47242775]
 [ 0.32293777]
 [-0.00313755]
 [-0.11412253]
 [ 0.18779485]
 [-0.80771642]
 [ 0.17012804]
 [ 0.74854777]
 [-0.90119256]
 [ 0.57074639]
 [ 0.19183228]
 [-0.20927997]
 [-1.14613613]
 [ 0.14682375]
 [-0.61299752]
 [ 0.05892184]
 [ 0.49984834]
 [-0.02435142]
 [-0.26314007]
 [-0.02976074]
 [ 0.39933382]
 [-0.49968172]
 [-0.25208765]
 [-0.24966792]
 [ 0.28614539]
 [-1.05150971]
 [-1.15335444]
 [-0.5012657 ]
 [-0.81567386]
 [ 0.42776725]
 [-0.12238453]
 [-0.93278771]
 [ 0.29126885]
 [-0.40085013]
 [-0.54886964]
 [-1.24461109]
 [-0.70830742]
 [-0.3255125 ]
 [-0.18242109]
 [ 0.11552031]
 [ 0.06825296]
 [ 0.94639724]
 [ 0.21332555]
 [-0.8537049 ]
 [ 0.06999528]
 [-0.41754833]
 [-1.34572927]
 [-0.13784103]
 [-0.69740938]
 [-0.71682336]
 [-0.65040413]
 [ 0.1798951 ]
 [-0.53753199]
 [-0.33178263]
 [-0.41785272]
 [-0.01167433]
 [ 0.0851497 ]
 [ 0.35967257]
 [-0.16134093]
 [ 0.3161378 ]
 [-0.51280511]
 [-0.93472192]
 [ 0.12598461]
 [-0.6197487 ]
 [-0.6929873 ]
 [ 1.00197773]
 [-0.26013313]
 [ 0.94843458]
 [-0.16434025]
 [-0.53741285]
 [-0.06592709]
 [-0.49478452]
 [-0.49451685]
 [-0.23493588]
 [-0.00637879]
 [-0.06331448]
 [ 0.91563504]
 [ 0.33583666]
 [-0.28419401]
 [ 0.23436407]
 [-0.06944988]
 [ 0.27738288]
 [ 0.05509317]
 [ 0.64047547]
 [-0.44120987]
 [-0.90570105]
 [ 0.31057178]
 [-0.77739879]
 [-0.51621623]
 [ 0.22790391]
 [-0.4097932 ]
 [-0.74591403]
 [-0.81808884]
 [-1.62778606]
 [-0.29613699]
 [-0.52366094]
 [-0.03051413]
 [ 0.70555768]
 [-0.36351094]
 [-0.57813205]
 [-0.56888793]
 [ 0.44238544]
 [-0.33070562]
 [-0.85996366]
 [-0.70889227]
 [-1.05229466]
 [ 0.50812076]
 [ 0.06473015]
 [-0.44506327]
 [-0.41259422]
 [-1.58025183]
 [-0.79258352]
 [-0.28573612]
 [-0.21453616]
 [ 0.23487288]
 [-0.71656638]
 [-0.10459402]
 [-0.40578486]
 [-0.22202426]
 [ 0.03537558]
 [ 0.39928225]
 [ 0.68016361]
 [-0.36768647]
 [ 0.34896064]
 [-1.71891019]
 [ 0.05608862]
 [ 0.02247988]]",12,12,4,6
"[[ 1.70319591e+00]
 [ 4.00165955e+00]
 [ 1.56245184e+00]
 [-6.53695432e-01]
 [ 1.32728098e+00]
 [ 3.80627418e-01]
 [-9.95749524e-01]
 [-1.07840770e+00]
 [ 1.55121239e+00]
 [ 5.26286678e-01]
 [-3.56629331e-01]
 [-2.83171621e+00]
 [-6.22606917e+00]
 [-3.85209863e-01]
 [-2.45520891e+00]
 [ 1.43012934e+00]
 [-2.70533662e+00]
 [-3.20917815e-01]
 [ 3.39851864e-01]
 [-4.24159165e+00]
 [-4.31290737e+00]
 [-3.81666073e+00]
 [-4.30668296e+00]
 [-5.63242375e-01]
 [-5.51288679e+00]
 [ 3.84347745e+00]
 [-5.40604196e+00]
 [ 3.49298504e+00]
 [-6.73042569e-01]
 [ 1.79165508e+00]
 [-1.42388319e+00]
 [-2.53665356e+00]
 [ 2.84695120e+00]
 [ 2.29360724e+00]
 [ 1.44727493e+00]
 [ 1.95008470e+00]
 [ 1.96052714e+00]
 [-1.44104342e+00]
 [-2.18155556e-01]
 [ 1.55312781e+00]
 [ 5.06947380e-01]
 [-1.37205310e+00]
 [ 3.96341424e+00]
 [ 3.03283637e+00]
 [ 5.88990677e-01]
 [-2.48133554e+00]
 [ 3.71208726e+00]
 [-7.84770378e-01]
 [-1.50156294e+00]
 [ 2.05771205e+00]
 [-4.74227377e-01]
 [-5.94249217e-02]
 [ 2.04233291e+00]
 [-2.36219649e+00]
 [ 3.75898524e+00]
 [-2.16688817e+00]
 [ 2.83955427e-01]
 [-1.73679197e+00]
 [ 7.12193698e-01]
 [ 1.74305787e+00]
 [ 2.11233101e+00]
 [ 1.16169716e+00]
 [-2.30765350e-01]
 [-2.47939895e+00]
 [ 2.70660097e+00]
 [-1.38505039e+00]
 [ 4.69749944e+00]
 [-6.10915583e-01]
 [-1.89698814e+00]
 [-1.83914121e+00]
 [-2.55083668e+00]
 [ 3.67295840e+00]
 [-2.99111446e+00]
 [-2.51682038e+00]
 [ 1.44467295e+00]
 [-6.84582150e+00]
 [-5.62699069e+00]
 [-2.37778701e+00]
 [-2.46503594e+00]
 [ 2.20770509e+00]
 [ 4.47983354e-01]
 [-2.72869421e+00]
 [-6.50456945e-01]
 [ 1.32549855e-01]
 [-7.14586193e+00]
 [-3.32392694e+00]
 [ 1.67722544e+00]
 [-1.98336779e+00]
 [-3.41901947e+00]
 [ 9.19933824e-01]
 [-2.21510135e+00]
 [-1.32918086e-01]
 [ 2.12907841e+00]
 [ 2.17457008e+00]
 [-2.24616782e+00]
 [ 5.43892746e-01]
 [ 1.83960452e-01]
 [ 6.62599774e-01]
 [ 5.48862458e+00]
 [-3.18562012e-01]
 [-9.69278554e-02]
 [-2.80120964e+00]
 [-2.73151582e+00]
 [-3.40767470e+00]
 [ 1.71034137e+00]
 [ 6.36215816e-01]
 [-1.77369405e+00]
 [ 2.35717364e+00]
 [-2.65564135e+00]
 [-7.68952505e-01]
 [ 2.85965120e+00]
 [-4.43033818e-01]
 [ 6.37086206e-01]
 [ 2.21559444e+00]
 [-1.04898507e+00]
 [-4.77351448e-01]
 [-4.33711295e+00]
 [-3.17837398e+00]
 [ 5.09518402e+00]
 [ 1.07903624e+00]
 [-2.23183473e+00]
 [-1.15821223e+00]
 [ 1.14050798e+00]
 [-3.21653008e-03]
 [ 6.69740786e-01]
 [-5.75159995e-01]
 [ 1.90067060e+00]
 [-2.15328572e+00]
 [-2.92534339e+00]
 [ 5.11653948e-01]
 [ 2.68139940e+00]
 [ 3.91552876e+00]
 [-6.77566626e-01]
 [ 9.03354313e-01]
 [-3.59911587e+00]
 [ 2.05277311e+00]
 [-1.56058514e+00]
 [-1.77213607e+00]
 [-5.92055567e-01]
 [-3.73316305e-01]
 [-3.22694915e+00]
 [ 3.32775137e+00]
 [-3.30694216e+00]
 [-1.84519812e+00]
 [-2.58036929e+00]
 [-3.08513122e+00]
 [-1.67237119e+00]
 [-5.51412086e-01]
 [-2.81478698e+00]
 [ 1.00839341e+00]
 [-1.32844146e+00]
 [-2.92763613e-01]
 [-2.50993830e+00]
 [-1.29440235e+00]
 [ 5.46645335e+00]
 [-1.15495594e+00]
 [ 2.76060049e+00]
 [ 2.64570556e+00]
 [ 3.69472218e+00]
 [-1.64567012e+00]
 [ 4.11053866e-01]
 [-1.81693302e+00]
 [ 3.09377740e+00]
 [ 2.87037749e+00]
 [ 1.30768716e+00]
 [-1.81729282e-01]
 [-1.20482509e+00]
 [-5.08838605e+00]
 [ 2.37957611e+00]
 [-1.02311877e+00]
 [ 5.05860996e+00]
 [ 1.15508055e+00]
 [-7.66376542e-01]
 [-2.16731016e+00]
 [-6.15239704e-01]
 [ 2.42033402e+00]
 [-4.17980827e+00]
 [ 4.29865029e+00]
 [ 1.76174008e+00]
 [-4.02581489e+00]
 [-1.60460515e+00]
 [-3.60886985e+00]
 [ 2.90428658e+00]
 [ 1.85360393e+00]
 [ 4.54257220e-01]
 [-1.35649242e+00]
 [-1.51112975e+00]
 [-1.25509172e+00]
 [-5.76478349e-01]
 [-2.38715766e+00]
 [ 1.44462320e+00]
 [-2.95606501e+00]
 [-4.57302685e+00]
 [-6.53799374e-01]
 [-2.78702480e+00]
 [ 2.80617945e+00]
 [-2.24084147e+00]
 [-1.82240103e+00]
 [-1.48003214e+00]
 [ 6.20480422e-01]
 [ 5.81923434e+00]
 [ 2.31541194e+00]
 [-1.68317451e+00]
 [ 1.96147995e+00]
 [ 7.48535845e-01]
 [-5.06600080e-01]
 [-1.26105074e+00]
 [ 3.17170302e+00]]",12,12,4,39
6,12,24,4,"[[ 1.40456774e-01]
 [ 7.75638123e+00]
 [-2.20260433e+00]
 [-2.11717889e+00]
 [ 2.85275986e+00]
 [ 5.85453689e+00]
 [-4.30264935e+00]
 [ 2.78504777e+00]
 [-1.35714309e+00]
 [-3.71150588e+00]
 [-5.10169940e-01]
 [ 5.78382746e+00]
 [ 4.46471498e+00]
 [ 6.91536558e+00]
 [ 2.12577363e+00]
 [ 2.28614914e+00]
 [-6.53955183e-01]
 [-1.03627389e-01]
 [-3.17934371e+00]
 [-5.28200585e+00]
 [ 3.87264434e+00]
 [-7.31633884e-01]
 [-1.25405659e+00]
 [ 2.36933058e+00]
 [-3.06244636e+00]
 [ 1.40595468e+00]
 [ 2.39889772e+00]
 [ 2.04908433e+00]
 [-1.79639619e+00]
 [ 6.38112777e+00]
 [ 2.82655978e+00]
 [ 9.85238846e-01]
 [-1.30048035e-01]
 [-5.37980812e+00]
 [ 3.01209753e-01]
 [-4.73631967e+00]
 [-2.94276131e+00]
 [ 2.74519429e+00]
 [ 2.33356699e+00]
 [-4.25299536e+00]
 [-2.13574812e+00]
 [-1.93924682e+00]
 [ 5.75792677e+00]
 [ 3.07273065e+00]
 [ 1.67737129e+00]
 [-1.44370396e+00]
 [ 3.04911585e+00]
 [-1.97556433e-01]
 [ 2.68516537e+00]
 [-7.43587021e-02]
 [-2.90607718e-01]
 [ 1.30074781e+00]
 [ 1.46293938e+00]
 [ 1.76893199e+00]
 [ 2.04670464e+00]
 [ 2.89091989e+00]
 [-2.43972572e+00]
 [ 9.28443591e-01]
 [ 1.44359431e+00]
 [ 1.24827816e+00]
 [ 3.36645848e+00]
 [-9.00148666e-01]
 [ 5.82358653e+00]
 [-2.50322018e-01]
 [ 7.79424608e-01]
 [-2.36996902e+00]
 [ 7.15282857e-01]
 [-2.25940150e+00]
 [-3.34308592e-01]
 [ 4.74948864e+00]
 [ 9.28980083e-01]
 [-7.33935306e+00]
 [ 6.45659906e+00]
 [ 2.85144259e+00]
 [ 5.74886381e-01]
 [ 3.54140536e+00]
 [ 8.21115525e-01]
 [-9.03449271e-01]
 [ 1.00676452e+00]
 [ 1.79137092e+00]
 [ 5.95550978e+00]
 [ 4.71198065e-01]
 [-1.82126941e+00]
 [ 6.59611263e-02]
 [ 3.57662518e+00]
 [-4.09133569e-01]
 [-4.02054386e-01]
 [-2.06264099e+00]
 [ 2.96240500e+00]
 [ 4.07942504e+00]
 [ 1.17298923e+00]
 [-2.25603611e+00]
 [ 1.62423839e+00]
 [-4.86269715e+00]
 [-5.28297560e+00]
 [ 3.01591970e+00]
 [-1.54682115e+00]
 [ 2.30583685e+00]
 [ 1.52269505e+00]
 [-2.42313182e+00]
 [-3.76699442e+00]
 [-4.55645204e+00]
 [ 4.93017307e+00]
 [ 3.21876352e+00]
 [-6.65761462e-01]
 [ 3.74357701e+00]
 [-3.03867255e+00]
 [-2.27117203e-01]
 [ 3.16491756e+00]
 [-1.93706919e+00]
 [-2.16572037e+00]
 [ 5.52871783e-01]
 [-1.13915310e+00]
 [ 2.86359366e+00]
 [ 1.52400751e+00]
 [ 5.11006486e+00]
 [ 1.31104096e+00]
 [-3.24381957e+00]
 [-3.45888532e+00]
 [-1.01172231e+00]
 [ 1.71426334e-01]
 [-1.65747132e+00]
 [-3.64126580e+00]
 [-2.66054907e+00]
 [ 1.13667721e+00]
 [-4.23631383e+00]
 [-5.51224711e+00]
 [-6.83867439e-01]
 [-3.13510259e-02]
 [ 1.18659701e+00]
 [ 1.19475757e+00]
 [-4.68597517e+00]
 [-3.74648680e-01]
 [-2.98850258e+00]
 [ 3.18342729e+00]
 [-2.68000617e+00]
 [-3.89997587e+00]
 [ 4.63123492e-01]
 [-6.91783425e+00]
 [-2.24657240e+00]
 [ 3.04387138e+00]
 [ 4.04018917e+00]
 [ 1.74511502e+00]
 [ 1.18792792e+00]
 [ 9.72413049e-01]
 [-4.68210088e+00]
 [-1.11075889e+00]
 [ 8.68068957e-01]
 [ 1.05914494e+00]
 [-1.49600860e+00]
 [ 4.21250292e-01]
 [-6.03159976e-01]
 [-2.40552813e+00]
 [-7.73594485e-01]
 [ 6.01448978e+00]
 [ 2.14645105e+00]
 [ 2.77424068e+00]
 [ 6.52863763e-01]
 [ 1.15042783e+00]
 [ 7.31273455e-01]
 [ 2.03325268e+00]
 [-8.07468363e+00]
 [-2.33541004e+00]
 [ 4.32703483e+00]
 [ 1.97481095e+00]
 [-7.21620395e-01]
 [-3.12481483e+00]
 [ 1.74412856e+00]
 [-2.46025427e+00]
 [ 4.17568599e-01]
 [-3.23963915e+00]
 [ 1.17599826e+00]
 [ 1.85334677e-01]
 [-4.91225686e-01]
 [ 6.69094127e-01]
 [-3.30775902e+00]
 [-1.52764221e-02]
 [-1.21968386e-01]
 [ 3.96274676e+00]
 [ 1.48879709e+00]
 [ 3.76761438e+00]
 [-2.17378445e+00]
 [-7.22410833e-01]
 [ 2.63590194e+00]
 [ 1.70975926e+00]
 [ 1.11896136e-01]
 [ 4.95437021e+00]
 [-1.66214515e+00]
 [ 2.38983173e-01]
 [-2.75932184e+00]
 [ 2.88529326e+00]
 [ 1.07329775e-01]
 [-2.07860535e+00]
 [-2.02822149e+00]
 [-7.07338640e-01]
 [-1.95942262e+00]
 [ 9.05480692e-01]
 [ 9.02588196e-01]
 [-1.88172320e-01]
 [ 5.48050193e+00]
 [-8.88370305e-01]
 [-1.19110909e+00]
 [ 1.17329705e+00]
 [-6.29943782e-01]
 [ 3.99074080e+00]
 [-4.47622923e+00]
 [ 9.30283491e-01]
 [ 1.07730278e+00]
 [ 4.63584009e+00]
 [-6.18997583e+00]
 [-1.04792626e+00]
 [ 3.17568868e+00]
 [-1.42826881e-01]
 [-5.29952970e+00]
 [-3.70265300e+00]
 [ 2.03280065e+00]
 [ 3.74348796e+00]
 [ 1.93272385e+00]
 [ 2.75785406e+00]
 [-2.66682184e+00]
 [ 7.14222206e+00]
 [-1.69734373e+00]
 [-3.27409933e+00]
 [ 4.15855433e-01]
 [ 3.12474993e+00]
 [-4.44714246e+00]
 [ 1.05184683e+00]
 [ 4.84902565e+00]
 [-3.35100127e+00]
 [ 2.67064816e+00]
 [-1.15145912e-01]
 [-4.33820381e+00]
 [ 4.99690679e-02]
 [-6.06976616e+00]
 [ 2.09826020e+00]
 [ 4.02502966e+00]
 [-2.00177814e+00]
 [-5.06685247e+00]
 [ 1.39311389e-01]
 [-8.14815795e-01]
 [ 6.61188764e-01]
 [ 4.44748101e+00]
 [ 3.53655220e+00]
 [ 1.44947346e+00]
 [-2.64850101e+00]
 [-2.50046857e+00]
 [ 7.37048386e-01]
 [-5.82727475e-01]
 [-5.18872569e+00]
 [ 8.68851584e-01]
 [ 4.32522752e+00]
 [-3.37766050e-01]
 [ 1.46056521e+00]
 [ 6.31851868e+00]
 [-3.22794640e+00]
 [ 7.24364631e-01]
 [ 4.43925635e+00]
 [-2.98657370e+00]
 [ 3.21384179e+00]
 [-4.40604368e-01]
 [-5.45823056e+00]
 [ 2.67189767e+00]
 [-7.26806600e+00]
 [ 3.12256765e+00]
 [-3.41033772e+00]
 [-1.53777473e-01]
 [-6.59106102e-01]
 [ 3.33268715e-01]
 [-3.14486496e+00]
 [-3.94848288e+00]
 [ 3.22313972e+00]
 [ 3.97314352e+00]
 [-1.76736496e+00]
 [ 1.68969581e+00]
 [-1.29523868e+00]
 [ 2.36705712e-01]
 [ 2.07038673e+00]
 [ 1.78597635e+00]
 [-5.18820378e-01]
 [ 1.02865758e+00]
 [-1.12774582e+00]
 [ 1.30906374e+00]
 [ 1.62933709e-02]
 [ 5.88242985e-01]
 [ 5.65603573e-01]
 [ 3.23976730e+00]
 [-3.36632559e+00]
 [-4.02552063e+00]
 [ 5.38573260e+00]
 [-1.36038776e+00]
 [ 3.39127894e+00]
 [-2.66423955e+00]
 [ 1.73468024e+00]
 [ 3.27123537e+00]
 [ 3.84652570e+00]
 [ 4.90085499e-01]
 [ 1.19288085e+00]
 [ 3.09159718e+00]
 [-2.58633344e+00]
 [ 4.83174434e+00]
 [-2.95921497e+00]
 [-4.37490445e+00]
 [ 1.26251663e-01]
 [-1.16319238e+00]
 [ 7.78134848e-02]
 [-7.65213846e-01]
 [-2.69906269e+00]
 [-1.36847319e+00]
 [ 2.19117783e+00]
 [ 2.60375869e-01]
 [ 4.24919833e-01]
 [ 7.57554771e+00]
 [ 6.08000334e+00]
 [ 3.62293254e+00]
 [ 3.03769851e+00]
 [-3.91891616e+00]
 [-1.31353417e+00]
 [-1.34113213e+00]
 [-2.93915141e+00]
 [-2.39752832e+00]
 [-1.83411545e+00]
 [ 5.95004179e-01]
 [ 1.64493094e-01]
 [-2.61965405e+00]
 [-5.99396929e+00]
 [ 3.28830161e+00]
 [ 2.33970202e+00]
 [ 2.02304249e+00]
 [-1.76873537e+00]
 [ 2.45977223e-01]
 [ 2.98308319e+00]
 [ 5.53482978e-01]
 [-1.45295034e+00]
 [-8.25081834e-02]
 [ 2.22641784e+00]
 [-3.69495389e+00]
 [ 7.69191057e-02]
 [ 1.09380989e+00]
 [ 4.27936846e+00]
 [-1.37016340e+00]
 [-4.52411879e+00]
 [-3.33339908e+00]
 [-8.67872438e-01]
 [ 6.68481011e-02]
 [ 8.46240355e-01]
 [-4.30682588e-01]
 [-3.59446838e+00]
 [ 1.41236822e+00]
 [-4.48162074e-04]
 [-5.23434128e+00]
 [-1.12172364e+00]
 [-4.56069081e+00]
 [-3.39805336e+00]
 [-7.65632683e+00]
 [-5.48538589e+00]
 [-1.31738619e+00]
 [-4.08635702e+00]
 [ 2.13824719e+00]
 [-1.68401692e+00]
 [ 1.50332993e+00]
 [ 6.76128170e-01]
 [ 5.15992227e+00]
 [-1.08519272e+00]
 [ 2.78584890e-01]
 [ 4.40247533e+00]
 [ 2.11688410e+00]
 [-4.10505715e-01]
 [ 5.55607722e-01]
 [ 2.81355136e+00]
 [ 1.47711848e+00]
 [ 4.27000734e+00]
 [-3.09342778e-01]
 [ 2.01736897e+00]
 [ 1.12307429e+00]
 [-1.08288662e+00]
 [ 1.82396717e+00]
 [ 5.18395911e+00]
 [ 5.86303513e-01]
 [ 6.49613765e-01]
 [-1.10295863e+00]
 [-5.83299578e+00]
 [-1.48436924e+00]
 [-2.33951593e+00]
 [ 4.74030386e+00]]"
